reg,name
2024-CS-001,Micheal Taylor
2024-CS-002,Matthew Ward
2024-CS-003,Diana Thornton
2024-CS-004,Stephen King
2024-CS-005,Donna Young
2024-CS-006,Michelle Harper
2024-CS-007,Angela Martinez
2024-CS-008,Courtney Johnson
2024-CS-009,Caleb Hawkins
2024-CS-010,Jose Gibson
2024-CS-011,Ricardo Cox
2024-CS-012,Diane House
2024-CS-013,Shelley Weber
2024-CS-014,Pamela Mcbride
2024-CS-015,Jill Quinn
2024-CS-016,Sylvia Ramirez
2024-CS-017,John Friedman
2024-CS-018,Larry Henson
2024-CS-019,Yvonne Downs
2024-CS-020,Dominique Jones
2024-CS-021,Tara Sanchez DDS
2024-CS-022,Debra Zamora
2024-CS-023,Andrew Park
2024-CS-024,Barbara Mccullough
2024-CS-025,Adrienne Conner
2024-CS-026,Andrea Johnson
2024-CS-027,Brittney Pugh
2024-CS-028,Leslie Nichols
2024-CS-029,Tyler Wilson
2024-CS-030,Shane Garrison
2024-CS-031,Frank Bridges
2024-CS-032,Brad Mcneil
2024-CS-033,James Gonzalez
2024-CS-034,Michael Booth
2024-CS-035,Mr. Darrell Rosales
2024-CS-036,Ricardo Gibson
2024-CS-037,Valerie Taylor
2024-CS-038,Kimberly Bennett MD
2024-CS-039,Laura Matthews
2024-CS-040,Dennis Young
2024-CS-041,Richard Morgan
2024-CS-042,John Pace
2024-CS-043,Hannah Bradley
2024-CS-044,Dennis Watson
2024-CS-045,Kenneth Glover
2024-CS-046,Russell Lamb
2024-CS-047,Paul Foster
2024-CS-048,Francisco Gentry
2024-CS-049,Austin Lewis
2024-CS-050,Dylan Ball
2024-CS-051,Sarah Owens
2024-CS-052,Wanda Clayton
2024-CS-053,Cathy Miller
2024-CS-054,Caleb Carpenter
2024-CS-055,Mary Watson
2024-CS-056,Laura Hood
2024-CS-057,Tyler Atkinson
2024-CS-058,Brian Vargas
2024-CS-059,Elizabeth Cross
2024-CS-060,Tracy Taylor
2024-CS-061,Charles Moran
2024-CS-062,Dylan Montoya
2024-CS-063,Kelly Brown
2024-CS-064,Stephen Hernandez
2024-CS-065,Amy Johnson
2024-CS-066,Matthew Taylor
2024-CS-067,Michael Wilson
2024-CS-068,Sarah Mcmahon
2024-CS-069,Matthew Harper
2024-CS-070,Karen Peterson
2024-CS-071,Mark Lewis
2024-CS-072,Ashley Martinez
2024-CS-073,Heather David
2024-CS-074,Wanda Torres
2024-CS-075,Linda Vargas
2024-CS-076,Mackenzie Harper
2024-CS-077,Michelle Kim
2024-CS-078,Carolyn Cervantes
2024-CS-079,Daniel Price
2024-CS-080,Michael Clark
2024-CS-081,Angela Robinson
2024-CS-082,Tony Price
2024-CS-083,Sherri Acevedo
2024-CS-084,Kevin Donovan
2024-CS-085,Susan Davis
2024-CS-086,Thomas Figueroa
2024-CS-087,Bethany Edwards
2024-CS-088,Christian Salinas
2024-CS-089,Steven Blanchard
2024-CS-090,Lauren Hardin
2024-CS-091,Emily Turner
2024-CS-092,Edward Clark
2024-CS-093,Russell Morales
2024-CS-094,Paula Cherry
2024-CS-095,Brooke Leon
2024-CS-096,Casey Fox
2024-CS-097,Thomas Thomas
2024-CS-098,Terri Diaz
2024-CS-099,Xavier Barrett
2024-CS-100,Eric Nguyen
2024-CS-101,Rachel Sloan
2024-CS-102,Isabel Fitzpatrick
2024-CS-103,Kevin Williams
2024-CS-104,Gina Foster
2024-CS-105,Devon Franklin
2024-CS-106,Linda Harris
2024-CS-107,Michael Martinez
2024-CS-108,Tanya Rogers
2024-CS-109,Patrick Cain
2024-CS-110,Stephen Tapia
2024-CS-111,Keith Lambert
2024-CS-112,Brandon Rollins
2024-CS-113,Mr. Philip Larsen Jr.
2024-CS-114,Brandi Jenkins
2024-CS-115,Kimberly Little
2024-CS-116,Ricardo Nash
2024-CS-117,Sharon Miller
2024-CS-118,Angela Smith
2024-CS-119,Kent Caldwell
2024-CS-120,Amber Rhodes
2024-CS-121,Emily Powell
2024-CS-122,Rebecca Davis
2024-CS-123,Tammy Paul
2024-CS-124,Erika Randolph
2024-CS-125,Dawn Holt
2024-CS-126,Jessica Mendez
2024-CS-127,Audrey Moss
2024-CS-128,David Anderson
2024-CS-129,Mark Guzman
2024-CS-130,Julie Johnson
2024-CS-131,Heather Hernandez PhD
2024-CS-132,Jessica Johnson
2024-CS-133,Amanda Mathis
2024-CS-134,Laurie Webster
2024-CS-135,Madison Matthews
2024-CS-136,Brittany Green
2024-CS-137,Stacey Garza
2024-CS-138,Kara Delacruz DDS
2024-CS-139,Mark Dickerson
2024-CS-140,Alexander Payne
2024-CS-141,Karen Garcia
2024-CS-142,Rebecca Jennings
2024-CS-143,John Hall
2024-CS-144,Kaylee Garcia
2024-CS-145,Erica Bond
2024-CS-146,Emily Sanchez
2024-CS-147,Taylor Lawrence
2024-CS-148,Sergio Mason
2024-CS-149,Rebecca Smith
2024-CS-150,Katherine Hernandez
2024-CS-151,Michael Davis
2024-CS-152,William Gonzalez
2024-CS-153,Christopher King
2024-CS-154,Cynthia Poole
2024-CS-155,Monica Tucker
2024-CS-156,Kathleen Farley
2024-CS-157,Dustin Norman
2024-CS-158,Sean Franklin
2024-CS-159,Zachary Herman
2024-CS-160,Sue Lopez
2024-CS-161,Sara Lee
2024-CS-162,Kim Potts
2024-CS-163,Patricia Stout
2024-CS-164,Brian Watson
2024-CS-165,Daniel Smith
2024-CS-166,Jill Hines
2024-CS-167,John Horton
2024-CS-168,Thomas Brewer
2024-CS-169,Tanya Greene
2024-CS-170,Nicholas Ellis
2024-CS-171,Michelle Taylor
2024-CS-172,Cody Fuller
2024-CS-173,Terry Church
2024-CS-174,Cynthia Wood
2024-CS-175,Ian Brown
2024-CS-176,Heather Pierce
2024-CS-177,Donald Foster
2024-CS-178,Leslie Pruitt
2024-CS-179,Christian Wells
2024-CS-180,Kimberly Barnett
2024-CS-181,John Bowers
2024-CS-182,Morgan Spencer
2024-CS-183,Gregg Clark
2024-CS-184,Rebecca Anderson
2024-CS-185,Clifford Garcia
2024-CS-186,Adrienne Johnson
2024-CS-187,Kayla Hernandez
2024-CS-188,Stephanie Ibarra
2024-CS-189,Megan Murphy
2024-CS-190,Chelsey Thompson
2024-CS-191,Holly Hale
2024-CS-192,Nicole Pope
2024-CS-193,Carolyn Collins
2024-CS-194,Sara Black
2024-CS-195,Jason Espinoza
2024-CS-196,Melinda Smith
2024-CS-197,Lisa Chaney
2024-CS-198,Frank Hall
2024-CS-199,Aaron Hughes
2024-CS-200,Christopher Odonnell
